user_id,username
0,synthetic_user_0
1,synthetic_user_1
2,synthetic_user_2
3,synthetic_user_3
4,synthetic_user_4
5,synthetic_user_5
6,synthetic_user_6
7,synthetic_user_7
8,synthetic_user_8
9,synthetic_user_9
10,synthetic_user_10
11,synthetic_user_11
12,synthetic_user_12
13,synthetic_user_13
14,synthetic_user_14
15,synthetic_user_15
16,synthetic_user_16
17,synthetic_user_17
18,synthetic_user_18
19,synthetic_user_19
20,synthetic_user_20
21,synthetic_user_21
22,synthetic_user_22
23,synthetic_user_23
24,synthetic_user_24
25,synthetic_user_25
26,synthetic_user_26
27,synthetic_user_27
28,synthetic_user_28
29,synthetic_user_29
30,synthetic_user_30
31,synthetic_user_31
32,synthetic_user_32
33,synthetic_user_33
34,synthetic_user_34
35,synthetic_user_35
36,synthetic_user_36
37,synthetic_user_37
38,synthetic_user_38
39,synthetic_user_39
40,synthetic_user_40
41,synthetic_user_41
42,synthetic_user_42
43,synthetic_user_43
44,synthetic_user_44
45,synthetic_user_45
46,synthetic_user_46
47,synthetic_user_47
48,synthetic_user_48
49,synthetic_user_49
50,synthetic_user_50
51,synthetic_user_51
52,synthetic_user_52
53,synthetic_user_53
54,synthetic_user_54
55,synthetic_user_55
56,synthetic_user_56
57,synthetic_user_57
58,synthetic_user_58
59,synthetic_user_59
60,synthetic_user_60
61,synthetic_user_61
62,synthetic_user_62
63,synthetic_user_63
64,synthetic_user_64
65,synthetic_user_65
66,synthetic_user_66
67,synthetic_user_67
68,synthetic_user_68
69,synthetic_user_69
70,synthetic_user_70
71,synthetic_user_71
72,synthetic_user_72
73,synthetic_user_73
74,synthetic_user_74
75,synthetic_user_75
76,synthetic_user_76
77,synthetic_user_77
78,synthetic_user_78
79,synthetic_user_79
80,synthetic_user_80
81,synthetic_user_81
82,synthetic_user_82
83,synthetic_user_83
84,synthetic_user_84
85,synthetic_user_85
86,synthetic_user_86
87,synthetic_user_87
88,synthetic_user_88
89,synthetic_user_89
90,synthetic_user_90
91,synthetic_user_91
92,synthetic_user_92
93,synthetic_user_93
94,synthetic_user_94
95,synthetic_user_95
96,synthetic_user_96
97,synthetic_user_97
98,synthetic_user_98
99,synthetic_user_99
100,synthetic_user_100
101,synthetic_user_101
102,synthetic_user_102
103,synthetic_user_103
104,synthetic_user_104
105,synthetic_user_105
106,synthetic_user_106
107,synthetic_user_107
108,synthetic_user_108
109,synthetic_user_109
110,synthetic_user_110
111,synthetic_user_111
112,synthetic_user_112
113,synthetic_user_113
114,synthetic_user_114
115,synthetic_user_115
116,synthetic_user_116
117,synthetic_user_117
118,synthetic_user_118
119,synthetic_user_119
120,synthetic_user_120
121,synthetic_user_121
122,synthetic_user_122
123,synthetic_user_123
124,synthetic_user_124
125,synthetic_user_125
126,synthetic_user_126
127,synthetic_user_127
128,synthetic_user_128
129,synthetic_user_129
130,synthetic_user_130
131,synthetic_user_131
132,synthetic_user_132
133,synthetic_user_133
134,synthetic_user_134
135,synthetic_user_135
136,synthetic_user_136
137,synthetic_user_137
138,synthetic_user_138
139,synthetic_user_139
140,synthetic_user_140
141,synthetic_user_141
142,synthetic_user_142
143,synthetic_user_143
144,synthetic_user_144
145,synthetic_user_145
146,synthetic_user_146
147,synthetic_user_147
148,synthetic_user_148
149,synthetic_user_149
150,synthetic_user_150
151,synthetic_user_151
152,synthetic_user_152
153,synthetic_user_153
154,synthetic_user_154
155,synthetic_user_155
156,synthetic_user_156
157,synthetic_user_157
158,synthetic_user_158
159,synthetic_user_159
160,synthetic_user_160
161,synthetic_user_161
162,synthetic_user_162
163,synthetic_user_163
164,synthetic_user_164
165,synthetic_user_165
166,synthetic_user_166
167,synthetic_user_167
168,synthetic_user_168
169,synthetic_user_169
170,synthetic_user_170
171,synthetic_user_171
172,synthetic_user_172
173,synthetic_user_173
174,synthetic_user_174
175,synthetic_user_175
176,synthetic_user_176
177,synthetic_user_177
178,synthetic_user_178
179,synthetic_user_179
180,synthetic_user_180
181,synthetic_user_181
182,synthetic_user_182
183,synthetic_user_183
184,synthetic_user_184
185,synthetic_user_185
186,synthetic_user_186
187,synthetic_user_187
188,synthetic_user_188
189,synthetic_user_189
190,synthetic_user_190
191,synthetic_user_191
192,synthetic_user_192
193,synthetic_user_193
194,synthetic_user_194
195,synthetic_user_195
196,synthetic_user_196
197,synthetic_user_197
198,synthetic_user_198
199,synthetic_user_199
200,synthetic_user_200
201,synthetic_user_201
202,synthetic_user_202
203,synthetic_user_203
204,synthetic_user_204
205,synthetic_user_205
206,synthetic_user_206
207,synthetic_user_207
208,synthetic_user_208
209,synthetic_user_209
210,synthetic_user_210
211,synthetic_user_211
212,synthetic_user_212
213,synthetic_user_213
214,synthetic_user_214
215,synthetic_user_215
216,synthetic_user_216
217,synthetic_user_217
218,synthetic_user_218
219,synthetic_user_219
220,synthetic_user_220
221,synthetic_user_221
222,synthetic_user_222
223,synthetic_user_223
224,synthetic_user_224
225,synthetic_user_225
226,synthetic_user_226
227,synthetic_user_227
228,synthetic_user_228
229,synthetic_user_229
230,synthetic_user_230
231,synthetic_user_231
232,synthetic_user_232
233,synthetic_user_233
234,synthetic_user_234
235,synthetic_user_235
236,synthetic_user_236
237,synthetic_user_237
238,synthetic_user_238
239,synthetic_user_239
240,synthetic_user_240
241,synthetic_user_241
242,synthetic_user_242
243,synthetic_user_243
244,synthetic_user_244
245,synthetic_user_245
246,synthetic_user_246
247,synthetic_user_247
248,synthetic_user_248
249,synthetic_user_249
250,synthetic_user_250
251,synthetic_user_251
252,synthetic_user_252
253,synthetic_user_253
254,synthetic_user_254
255,synthetic_user_255
256,synthetic_user_256
257,synthetic_user_257
258,synthetic_user_258
259,synthetic_user_259
260,synthetic_user_260
261,synthetic_user_261
262,synthetic_user_262
263,synthetic_user_263
264,synthetic_user_264
265,synthetic_user_265
266,synthetic_user_266
267,synthetic_user_267
268,synthetic_user_268
269,synthetic_user_269
270,synthetic_user_270
271,synthetic_user_271
272,synthetic_user_272
273,synthetic_user_273
274,synthetic_user_274
275,synthetic_user_275
276,synthetic_user_276
277,synthetic_user_277
278,synthetic_user_278
279,synthetic_user_279
280,synthetic_user_280
281,synthetic_user_281
282,synthetic_user_282
283,synthetic_user_283
284,synthetic_user_284
285,synthetic_user_285
286,synthetic_user_286
287,synthetic_user_287
288,synthetic_user_288
289,synthetic_user_289
290,synthetic_user_290
291,synthetic_user_291
292,synthetic_user_292
293,synthetic_user_293
294,synthetic_user_294
295,synthetic_user_295
296,synthetic_user_296
297,synthetic_user_297
298,synthetic_user_298
299,synthetic_user_299
300,synthetic_user_300
301,synthetic_user_301
302,synthetic_user_302
303,synthetic_user_303
304,synthetic_user_304
305,synthetic_user_305
306,synthetic_user_306
307,synthetic_user_307
308,synthetic_user_308
309,synthetic_user_309
310,synthetic_user_310
311,synthetic_user_311
312,synthetic_user_312
313,synthetic_user_313
314,synthetic_user_314
315,synthetic_user_315
316,synthetic_user_316
317,synthetic_user_317
318,synthetic_user_318
319,synthetic_user_319
320,synthetic_user_320
321,synthetic_user_321
322,synthetic_user_322
323,synthetic_user_323
324,synthetic_user_324
325,synthetic_user_325
326,synthetic_user_326
327,synthetic_user_327
328,synthetic_user_328
329,synthetic_user_329
330,synthetic_user_330
331,synthetic_user_331
332,synthetic_user_332
333,synthetic_user_333
334,synthetic_user_334
335,synthetic_user_335
336,synthetic_user_336
337,synthetic_user_337
338,synthetic_user_338
339,synthetic_user_339
340,synthetic_user_340
341,synthetic_user_341
342,synthetic_user_342
343,synthetic_user_343
344,synthetic_user_344
345,synthetic_user_345
346,synthetic_user_346
347,synthetic_user_347
348,synthetic_user_348
349,synthetic_user_349
350,synthetic_user_350
351,synthetic_user_351
352,synthetic_user_352
353,synthetic_user_353
354,synthetic_user_354
355,synthetic_user_355
356,synthetic_user_356
357,synthetic_user_357
358,synthetic_user_358
359,synthetic_user_359
360,synthetic_user_360
361,synthetic_user_361
362,synthetic_user_362
363,synthetic_user_363
364,synthetic_user_364
365,synthetic_user_365
366,synthetic_user_366
367,synthetic_user_367
368,synthetic_user_368
369,synthetic_user_369
370,synthetic_user_370
371,synthetic_user_371
372,synthetic_user_372
373,synthetic_user_373
374,synthetic_user_374
375,synthetic_user_375
376,synthetic_user_376
377,synthetic_user_377
378,synthetic_user_378
379,synthetic_user_379
380,synthetic_user_380
381,synthetic_user_381
382,synthetic_user_382
383,synthetic_user_383
384,synthetic_user_384
385,synthetic_user_385
386,synthetic_user_386
387,synthetic_user_387
388,synthetic_user_388
389,synthetic_user_389
390,synthetic_user_390
391,synthetic_user_391
392,synthetic_user_392
393,synthetic_user_393
394,synthetic_user_394
395,synthetic_user_395
396,synthetic_user_396
397,synthetic_user_397
398,synthetic_user_398
399,synthetic_user_399
400,synthetic_user_400
401,synthetic_user_401
402,synthetic_user_402
403,synthetic_user_403
404,synthetic_user_404
405,synthetic_user_405
406,synthetic_user_406
407,synthetic_user_407
408,synthetic_user_408
409,synthetic_user_409
410,synthetic_user_410
411,synthetic_user_411
412,synthetic_user_412
413,synthetic_user_413
414,synthetic_user_414
415,synthetic_user_415
416,synthetic_user_416
417,synthetic_user_417
418,synthetic_user_418
419,synthetic_user_419
420,synthetic_user_420
421,synthetic_user_421
422,synthetic_user_422
423,synthetic_user_423
424,synthetic_user_424
425,synthetic_user_425
426,synthetic_user_426
427,synthetic_user_427
428,synthetic_user_428
429,synthetic_user_429
430,synthetic_user_430
431,synthetic_user_431
432,synthetic_user_432
433,synthetic_user_433
434,synthetic_user_434
435,synthetic_user_435
436,synthetic_user_436
437,synthetic_user_437
438,synthetic_user_438
439,synthetic_user_439
440,synthetic_user_440
441,synthetic_user_441
442,synthetic_user_442
443,synthetic_user_443
444,synthetic_user_444
445,synthetic_user_445
446,synthetic_user_446
447,synthetic_user_447
448,synthetic_user_448
449,synthetic_user_449
450,synthetic_user_450
451,synthetic_user_451
452,synthetic_user_452
453,synthetic_user_453
454,synthetic_user_454
455,synthetic_user_455
456,synthetic_user_456
457,synthetic_user_457
458,synthetic_user_458
459,synthetic_user_459
460,synthetic_user_460
461,synthetic_user_461
462,synthetic_user_462
463,synthetic_user_463
464,synthetic_user_464
465,synthetic_user_465
466,synthetic_user_466
467,synthetic_user_467
468,synthetic_user_468
469,synthetic_user_469
470,synthetic_user_470
471,synthetic_user_471
472,synthetic_user_472
473,synthetic_user_473
474,synthetic_user_474
475,synthetic_user_475
476,synthetic_user_476
477,synthetic_user_477
478,synthetic_user_478
479,synthetic_user_479
480,synthetic_user_480
481,synthetic_user_481
482,synthetic_user_482
483,synthetic_user_483
484,synthetic_user_484
485,synthetic_user_485
486,synthetic_user_486
487,synthetic_user_487
488,synthetic_user_488
489,synthetic_user_489
490,synthetic_user_490
491,synthetic_user_491
492,synthetic_user_492
493,synthetic_user_493
494,synthetic_user_494
495,synthetic_user_495
496,synthetic_user_496
497,synthetic_user_497
498,synthetic_user_498
499,synthetic_user_499
500,synthetic_user_500
501,synthetic_user_501
502,synthetic_user_502
503,synthetic_user_503
504,synthetic_user_504
505,synthetic_user_505
506,synthetic_user_506
507,synthetic_user_507
508,synthetic_user_508
509,synthetic_user_509
510,synthetic_user_510
511,synthetic_user_511
512,synthetic_user_512
513,synthetic_user_513
514,synthetic_user_514
515,synthetic_user_515
516,synthetic_user_516
517,synthetic_user_517
518,synthetic_user_518
519,synthetic_user_519
520,synthetic_user_520
521,synthetic_user_521
522,synthetic_user_522
523,synthetic_user_523
524,synthetic_user_524
525,synthetic_user_525
526,synthetic_user_526
527,synthetic_user_527
528,synthetic_user_528
529,synthetic_user_529
530,synthetic_user_530
531,synthetic_user_531
532,synthetic_user_532
533,synthetic_user_533
534,synthetic_user_534
535,synthetic_user_535
536,synthetic_user_536
537,synthetic_user_537
538,synthetic_user_538
539,synthetic_user_539
540,synthetic_user_540
541,synthetic_user_541
542,synthetic_user_542
543,synthetic_user_543
544,synthetic_user_544
545,synthetic_user_545
546,synthetic_user_546
547,synthetic_user_547
548,synthetic_user_548
549,synthetic_user_549
550,synthetic_user_550
551,synthetic_user_551
552,synthetic_user_552
553,synthetic_user_553
554,synthetic_user_554
555,synthetic_user_555
556,synthetic_user_556
557,synthetic_user_557
558,synthetic_user_558
559,synthetic_user_559
560,synthetic_user_560
561,synthetic_user_561
562,synthetic_user_562
563,synthetic_user_563
564,synthetic_user_564
565,synthetic_user_565
566,synthetic_user_566
567,synthetic_user_567
568,synthetic_user_568
569,synthetic_user_569
570,synthetic_user_570
571,synthetic_user_571
572,synthetic_user_572
573,synthetic_user_573
574,synthetic_user_574
575,synthetic_user_575
576,synthetic_user_576
577,synthetic_user_577
578,synthetic_user_578
579,synthetic_user_579
580,synthetic_user_580
581,synthetic_user_581
582,synthetic_user_582
583,synthetic_user_583
584,synthetic_user_584
585,synthetic_user_585
586,synthetic_user_586
587,synthetic_user_587
588,synthetic_user_588
589,synthetic_user_589
590,synthetic_user_590
591,synthetic_user_591
592,synthetic_user_592
593,synthetic_user_593
594,synthetic_user_594
595,synthetic_user_595
596,synthetic_user_596
597,synthetic_user_597
598,synthetic_user_598
599,synthetic_user_599
600,synthetic_user_600
601,synthetic_user_601
602,synthetic_user_602
603,synthetic_user_603
604,synthetic_user_604
605,synthetic_user_605
606,synthetic_user_606
607,synthetic_user_607
608,synthetic_user_608
609,synthetic_user_609
610,synthetic_user_610
611,synthetic_user_611
612,synthetic_user_612
613,synthetic_user_613
614,synthetic_user_614
615,synthetic_user_615
616,synthetic_user_616
617,synthetic_user_617
618,synthetic_user_618
619,synthetic_user_619
620,synthetic_user_620
621,synthetic_user_621
622,synthetic_user_622
623,synthetic_user_623
624,synthetic_user_624
625,synthetic_user_625
626,synthetic_user_626
627,synthetic_user_627
628,synthetic_user_628
629,synthetic_user_629
630,synthetic_user_630
631,synthetic_user_631
632,synthetic_user_632
633,synthetic_user_633
634,synthetic_user_634
635,synthetic_user_635
636,synthetic_user_636
637,synthetic_user_637
638,synthetic_user_638
639,synthetic_user_639
640,synthetic_user_640
641,synthetic_user_641
642,synthetic_user_642
643,synthetic_user_643
644,synthetic_user_644
645,synthetic_user_645
646,synthetic_user_646
647,synthetic_user_647
648,synthetic_user_648
649,synthetic_user_649
650,synthetic_user_650
651,synthetic_user_651
652,synthetic_user_652
653,synthetic_user_653
654,synthetic_user_654
655,synthetic_user_655
656,synthetic_user_656
657,synthetic_user_657
658,synthetic_user_658
659,synthetic_user_659
660,synthetic_user_660
661,synthetic_user_661
662,synthetic_user_662
663,synthetic_user_663
664,synthetic_user_664
665,synthetic_user_665
666,synthetic_user_666
667,synthetic_user_667
668,synthetic_user_668
669,synthetic_user_669
670,synthetic_user_670
671,synthetic_user_671
672,synthetic_user_672
673,synthetic_user_673
674,synthetic_user_674
675,synthetic_user_675
676,synthetic_user_676
677,synthetic_user_677
678,synthetic_user_678
679,synthetic_user_679
680,synthetic_user_680
681,synthetic_user_681
682,synthetic_user_682
683,synthetic_user_683
684,synthetic_user_684
685,synthetic_user_685
686,synthetic_user_686
687,synthetic_user_687
688,synthetic_user_688
689,synthetic_user_689
690,synthetic_user_690
691,synthetic_user_691
692,synthetic_user_692
693,synthetic_user_693
694,synthetic_user_694
695,synthetic_user_695
696,synthetic_user_696
697,synthetic_user_697
698,synthetic_user_698
699,synthetic_user_699
700,synthetic_user_700
701,synthetic_user_701
702,synthetic_user_702
703,synthetic_user_703
704,synthetic_user_704
705,synthetic_user_705
706,synthetic_user_706
707,synthetic_user_707
708,synthetic_user_708
709,synthetic_user_709
710,synthetic_user_710
711,synthetic_user_711
712,synthetic_user_712
713,synthetic_user_713
714,synthetic_user_714
715,synthetic_user_715
716,synthetic_user_716
717,synthetic_user_717
718,synthetic_user_718
719,synthetic_user_719
720,synthetic_user_720
721,synthetic_user_721
722,synthetic_user_722
723,synthetic_user_723
724,synthetic_user_724
725,synthetic_user_725
726,synthetic_user_726
727,synthetic_user_727
728,synthetic_user_728
729,synthetic_user_729
730,synthetic_user_730
731,synthetic_user_731
732,synthetic_user_732
733,synthetic_user_733
734,synthetic_user_734
735,synthetic_user_735
736,synthetic_user_736
737,synthetic_user_737
738,synthetic_user_738
739,synthetic_user_739
740,synthetic_user_740
741,synthetic_user_741
742,synthetic_user_742
743,synthetic_user_743
744,synthetic_user_744
745,synthetic_user_745
746,synthetic_user_746
747,synthetic_user_747
748,synthetic_user_748
749,synthetic_user_749
750,synthetic_user_750
751,synthetic_user_751
752,synthetic_user_752
753,synthetic_user_753
754,synthetic_user_754
755,synthetic_user_755
756,synthetic_user_756
757,synthetic_user_757
758,synthetic_user_758
759,synthetic_user_759
760,synthetic_user_760
761,synthetic_user_761
762,synthetic_user_762
763,synthetic_user_763
764,synthetic_user_764
765,synthetic_user_765
766,synthetic_user_766
767,synthetic_user_767
768,synthetic_user_768
769,synthetic_user_769
770,synthetic_user_770
771,synthetic_user_771
772,synthetic_user_772
773,synthetic_user_773
774,synthetic_user_774
775,synthetic_user_775
776,synthetic_user_776
777,synthetic_user_777
778,synthetic_user_778
779,synthetic_user_779
780,synthetic_user_780
781,synthetic_user_781
782,synthetic_user_782
783,synthetic_user_783
784,synthetic_user_784
785,synthetic_user_785
786,synthetic_user_786
787,synthetic_user_787
788,synthetic_user_788
789,synthetic_user_789
790,synthetic_user_790
791,synthetic_user_791
792,synthetic_user_792
793,synthetic_user_793
794,synthetic_user_794
795,synthetic_user_795
796,synthetic_user_796
797,synthetic_user_797
798,synthetic_user_798
799,synthetic_user_799
800,synthetic_user_800
801,synthetic_user_801
802,synthetic_user_802
803,synthetic_user_803
804,synthetic_user_804
805,synthetic_user_805
806,synthetic_user_806
807,synthetic_user_807
808,synthetic_user_808
809,synthetic_user_809
810,synthetic_user_810
811,synthetic_user_811
812,synthetic_user_812
813,synthetic_user_813
814,synthetic_user_814
815,synthetic_user_815
816,synthetic_user_816
817,synthetic_user_817
818,synthetic_user_818
819,synthetic_user_819
820,synthetic_user_820
821,synthetic_user_821
822,synthetic_user_822
823,synthetic_user_823
824,synthetic_user_824
825,synthetic_user_825
826,synthetic_user_826
827,synthetic_user_827
828,synthetic_user_828
829,synthetic_user_829
830,synthetic_user_830
831,synthetic_user_831
832,synthetic_user_832
833,synthetic_user_833
834,synthetic_user_834
835,synthetic_user_835
836,synthetic_user_836
837,synthetic_user_837
838,synthetic_user_838
839,synthetic_user_839
840,synthetic_user_840
841,synthetic_user_841
842,synthetic_user_842
843,synthetic_user_843
844,synthetic_user_844
845,synthetic_user_845
846,synthetic_user_846
847,synthetic_user_847
848,synthetic_user_848
849,synthetic_user_849
850,synthetic_user_850
851,synthetic_user_851
852,synthetic_user_852
853,synthetic_user_853
854,synthetic_user_854
855,synthetic_user_855
856,synthetic_user_856
857,synthetic_user_857
858,synthetic_user_858
859,synthetic_user_859
860,synthetic_user_860
861,synthetic_user_861
862,synthetic_user_862
863,synthetic_user_863
864,synthetic_user_864
865,synthetic_user_865
866,synthetic_user_866
867,synthetic_user_867
868,synthetic_user_868
869,synthetic_user_869
870,synthetic_user_870
871,synthetic_user_871
872,synthetic_user_872
873,synthetic_user_873
874,synthetic_user_874
875,synthetic_user_875
876,synthetic_user_876
877,synthetic_user_877
878,synthetic_user_878
879,synthetic_user_879
880,synthetic_user_880
881,synthetic_user_881
882,synthetic_user_882
883,synthetic_user_883
884,synthetic_user_884
885,synthetic_user_885
886,synthetic_user_886
887,synthetic_user_887
888,synthetic_user_888
889,synthetic_user_889
890,synthetic_user_890
891,synthetic_user_891
892,synthetic_user_892
893,synthetic_user_893
894,synthetic_user_894
895,synthetic_user_895
896,synthetic_user_896
897,synthetic_user_897
898,synthetic_user_898
899,synthetic_user_899
900,synthetic_user_900
901,synthetic_user_901
902,synthetic_user_902
903,synthetic_user_903
904,synthetic_user_904
905,synthetic_user_905
906,synthetic_user_906
907,synthetic_user_907
908,synthetic_user_908
909,synthetic_user_909
910,synthetic_user_910
911,synthetic_user_911
912,synthetic_user_912
913,synthetic_user_913
914,synthetic_user_914
915,synthetic_user_915
916,synthetic_user_916
917,synthetic_user_917
918,synthetic_user_918
919,synthetic_user_919
920,synthetic_user_920
921,synthetic_user_921
922,synthetic_user_922
923,synthetic_user_923
924,synthetic_user_924
925,synthetic_user_925
926,synthetic_user_926
927,synthetic_user_927
928,synthetic_user_928
929,synthetic_user_929
930,synthetic_user_930
931,synthetic_user_931
932,synthetic_user_932
933,synthetic_user_933
934,synthetic_user_934
935,synthetic_user_935
936,synthetic_user_936
937,synthetic_user_937
938,synthetic_user_938
939,synthetic_user_939
940,synthetic_user_940
941,synthetic_user_941
942,synthetic_user_942
943,synthetic_user_943
944,synthetic_user_944
945,synthetic_user_945
946,synthetic_user_946
947,synthetic_user_947
948,synthetic_user_948
949,synthetic_user_949
950,synthetic_user_950
951,synthetic_user_951
952,synthetic_user_952
953,synthetic_user_953
954,synthetic_user_954
955,synthetic_user_955
956,synthetic_user_956
957,synthetic_user_957
958,synthetic_user_958
959,synthetic_user_959
960,synthetic_user_960
961,synthetic_user_961
962,synthetic_user_962
963,synthetic_user_963
964,synthetic_user_964
965,synthetic_user_965
966,synthetic_user_966
967,synthetic_user_967
968,synthetic_user_968
969,synthetic_user_969
970,synthetic_user_970
971,synthetic_user_971
972,synthetic_user_972
973,synthetic_user_973
974,synthetic_user_974
975,synthetic_user_975
976,synthetic_user_976
977,synthetic_user_977
978,synthetic_user_978
979,synthetic_user_979
980,synthetic_user_980
981,synthetic_user_981
982,synthetic_user_982
983,synthetic_user_983
984,synthetic_user_984
985,synthetic_user_985
986,synthetic_user_986
987,synthetic_user_987
988,synthetic_user_988
989,synthetic_user_989
990,synthetic_user_990
991,synthetic_user_991
992,synthetic_user_992
993,synthetic_user_993
994,synthetic_user_994
995,synthetic_user_995
996,synthetic_user_996
997,synthetic_user_997
998,synthetic_user_998
999,synthetic_user_999
